{"user":[{"connAdd":"[::1]:52879","direction":4,"listPokemon":[[{"ev":0.5577505887399719,"exp":0,"id":158,"lv":2,"uid":"a129fe14-3ab7-47fa-87ea-863f69504297"},{"ev":0.7808182735847786,"exp":0,"id":240,"lv":1,"uid":"2f5660a8-d5a9-497a-80ac-7bde663a3e67"},{"ev":0.9403948180097783,"exp":0,"id":11,"lv":4,"uid":"d28ffce9-8aa9-4d0d-9dc9-e55a9893b540"}]],"maxValue":"","positionX":25,"positionY":10,"spaceLeft":"","uID":"b234eb73-4e6d-4456-9f32-803726262132"}]}
