{"user":[{"connAdd":"[::1]:52603","direction":1,"listPokemon":[[{"ev":0.571704344916894,"exp":0,"id":313,"lv":3,"uid":"965ce493-5b13-4150-a99b-8d069606136c"},{"ev":0.7853016609744183,"exp":0,"id":368,"lv":3,"uid":"bd5d0199-581b-4b1c-993f-f80b68fb67c8"},{"ev":0.5025127438336231,"exp":0,"id":494,"lv":2,"uid":"2eb9ea40-5940-4bfa-b065-500d0f741a81"}]],"maxValue":"","positionX":93,"positionY":83,"spaceLeft":"","uID":"e3f74dbe-a8e5-41db-97ca-80565bc6233e"}]}
